Rebalance Date,Next Date,Top Stocks,Gross Return %,Net Return %,Portfolio Value
2020-07-31,2020-08-31,"['TTML.NS', 'NAVINFLUOR.NS', 'TANLA.NS', 'MUTHOOTFIN.NS', 'ALKYLAMINE.NS', 'PERSISTENT.NS', 'RPOWER.NS', 'DIXON.NS', 'NETWORK18.NS', 'LUPIN.NS', 'BDL.NS', 'BSOFT.NS', 'ESCORTS.NS', 'ADANIGREEN.NS', 'CAPLIPOINT.NS', 'AUROPHARMA.NS', 'INDIACEM.NS', 'RTNINDIA.NS', 'AJANTPHARM.NS', 'MCX.NS', 'CDSL.NS', 'LAURUSLABS.NS', 'MPHASIS.NS', 'NEULANDLAB.NS', 'BIOCON.NS', 'DIVISLAB.NS', 'TATACOMM.NS', 'MASTEK.NS', 'DEEPAKNTR.NS', 'JBCHEPHARM.NS', 'ALOKINDS.NS', 'SUZLON.NS', 'ZYDUSLIFE.NS', 'CIPLA.NS', 'EIDPARRY.NS', 'BASF.NS', 'INFY.NS', 'DEEPAKFERT.NS', 'ITI.NS', 'BAYERCROP.NS', 'GRANULES.NS', 'PATANJALI.NS', 'APLLTD.NS', 'TORNTPHARM.NS', 'DRREDDY.NS', 'IDEA.NS', 'SYNGENE.NS', 'RELIANCE.NS', 'IPCALAB.NS', 'POLYMED.NS']",7.91,7.71,1077148.79
2020-08-31,2020-09-30,"['SARDAEN.NS', 'TANLA.NS', 'ALKYLAMINE.NS', 'ZENTEC.NS', 'RPOWER.NS', 'DIXON.NS', 'LUPIN.NS', 'BDL.NS', 'BSOFT.NS', 'ADANIGREEN.NS', 'CAPLIPOINT.NS', 'AUROPHARMA.NS', 'RENUKA.NS', 'RTNINDIA.NS', 'CDSL.NS', 'LAURUSLABS.NS', 'NEULANDLAB.NS', 'DIVISLAB.NS', 'TATACOMM.NS', 'MASTEK.NS', 'DEEPAKNTR.NS', 'JBCHEPHARM.NS', 'SWSOLAR.NS', 'ALOKINDS.NS', 'ZYDUSLIFE.NS', 'CIPLA.NS', 'EIDPARRY.NS', 'IRB.NS', 'JPPOWER.NS', 'BASF.NS', 'FACT.NS', 'DEEPAKFERT.NS', 'CGPOWER.NS', 'ITI.NS', 'GRANULES.NS', 'PATANJALI.NS', 'BLS.NS', 'TATACONSUM.NS', 'INDIAMART.NS', 'APLLTD.NS', 'GPIL.NS', 'HEROMOTOCO.NS', 'DRREDDY.NS', 'IDEA.NS', 'SYNGENE.NS', 'RELIANCE.NS', 'HINDZINC.NS', 'INTELLECT.NS', 'SAREGAMA.NS', 'FSL.NS']",4.78,4.72,1127946.01
2020-09-30,2020-10-31,"['TANLA.NS', 'JINDALSTEL.NS', 'ALKYLAMINE.NS', 'ZENTEC.NS', 'PERSISTENT.NS', 'RPOWER.NS', 'TIINDIA.NS', 'DIXON.NS', 'ZENSARTECH.NS', 'ADANIENT.NS', 'BSOFT.NS', 'ADANIGREEN.NS', 'WELSPUNLIV.NS', 'APLAPOLLO.NS', 'ELGIEQUIP.NS', 'RTNINDIA.NS', 'CDSL.NS', 'ATGL.NS', 'LAURUSLABS.NS', 'MPHASIS.NS', 'NEULANDLAB.NS', 'PCBL.NS', 'TATACOMM.NS', 'MASTEK.NS', 'M&M.NS', 'DEEPAKNTR.NS', 'SWSOLAR.NS', 'ALOKINDS.NS', 'TEJASNET.NS', 'RKFORGE.NS', 'AFFLE.NS', 'VEDL.NS', 'IRB.NS', 'JPPOWER.NS', 'INOXWIND.NS', 'KPITTECH.NS', 'DEEPAKFERT.NS', 'CGPOWER.NS', 'INDIAMART.NS', 'BLS.NS', 'PATANJALI.NS', 'GRANULES.NS', 'GPIL.NS', 'PGEL.NS', 'IDEA.NS', 'SYNGENE.NS', 'CREDITACC.NS', 'INTELLECT.NS', 'SAREGAMA.NS', 'FSL.NS']",2.63,2.55,1156751.14
2020-10-31,2020-11-30,"['TTML.NS', 'TANLA.NS', 'JINDALSTEL.NS', 'ANANTRAJ.NS', 'PERSISTENT.NS', 'ZENTEC.NS', 'DIXON.NS', 'ZENSARTECH.NS', 'TATAELXSI.NS', 'ADANIENT.NS', 'BSOFT.NS', 'ADANIGREEN.NS', 'TRIVENI.NS', 'WELSPUNLIV.NS', 'APLAPOLLO.NS', 'RENUKA.NS', 'RTNINDIA.NS', 'CDSL.NS', 'ATGL.NS', 'LAURUSLABS.NS', 'MPHASIS.NS', 'POONAWALLA.NS', 'NEULANDLAB.NS', 'TATACOMM.NS', 'MASTEK.NS', 'AMBER.NS', 'JBCHEPHARM.NS', 'WIPRO.NS', 'ALOKINDS.NS', 'TEJASNET.NS', 'RKFORGE.NS', 'FSL.NS', 'AFFLE.NS', 'EIDPARRY.NS', 'JPPOWER.NS', 'JSL.NS', 'CGPOWER.NS', 'INDIAMART.NS', 'BLS.NS', 'GRANULES.NS', 'GPIL.NS', 'PGEL.NS', 'LTIM.NS', 'IDEA.NS', 'NEWGEN.NS', 'EMAMILTD.NS', 'INTELLECT.NS', 'SAREGAMA.NS', 'POLYMED.NS', 'COFORGE.NS']",13.61,13.55,1313466.63
2020-11-30,2020-12-31,"['TTML.NS', 'INDUSINDBK.NS', 'SARDAEN.NS', 'TANLA.NS', 'ANANTRAJ.NS', 'PERSISTENT.NS', 'ZENTEC.NS', 'TIINDIA.NS', 'DIXON.NS', 'ZENSARTECH.NS', 'DBREALTY.NS', 'TATAELXSI.NS', 'ADANIENT.NS', 'BSOFT.NS', 'ADANIGREEN.NS', 'APLAPOLLO.NS', 'WELSPUNLIV.NS', 'WOCKPHARMA.NS', 'ACE.NS', 'RTNINDIA.NS', 'ATGL.NS', 'LAURUSLABS.NS', 'POONAWALLA.NS', 'NEULANDLAB.NS', 'INTELLECT.NS', 'PCBL.NS', 'BAJFINANCE.NS', 'TATACOMM.NS', 'MASTEK.NS', 'PNBHOUSING.NS', 'CHOLAHLDNG.NS', 'TEJASNET.NS', 'CHOLAFIN.NS', 'AUBANK.NS', 'AFFLE.NS', 'JPPOWER.NS', 'KPITTECH.NS', 'JSL.NS', 'JSWHL.NS', 'BRIGADE.NS', 'CGPOWER.NS', 'BLS.NS', 'GRANULES.NS', 'ASHOKLEY.NS', 'GPIL.NS', 'PGEL.NS', 'EMAMILTD.NS', 'RKFORGE.NS', 'SAREGAMA.NS', 'FSL.NS']",10.03,9.96,1444329.72
2020-12-31,2021-01-31,"['TTML.NS', 'SARDAEN.NS', 'INDUSINDBK.NS', 'TANLA.NS', 'ANANTRAJ.NS', 'PERSISTENT.NS', 'DIXON.NS', 'ECLERX.NS', 'TATAELXSI.NS', 'DBREALTY.NS', 'ZENSARTECH.NS', 'ADANIENT.NS', 'BSOFT.NS', 'ADANIGREEN.NS', 'NCC.NS', 'APLAPOLLO.NS', 'ELGIEQUIP.NS', 'WOCKPHARMA.NS', 'ACE.NS', 'BLUEDART.NS', 'TATASTEEL.NS', 'CDSL.NS', 'CENTURYPLY.NS', 'ATGL.NS', 'LAURUSLABS.NS', 'NEULANDLAB.NS', 'PCBL.NS', 'MASTEK.NS', 'DEEPAKNTR.NS', 'CGCL.NS', 'TEJASNET.NS', 'RKFORGE.NS', 'CHOLAFIN.NS', 'AFFLE.NS', 'SAIL.NS', 'KPITTECH.NS', 'JSWHL.NS', 'CGPOWER.NS', 'INDIAMART.NS', 'ASHOKLEY.NS', 'GPIL.NS', 'JSWSTEEL.NS', 'PGEL.NS', 'LTIM.NS', 'HINDCOPPER.NS', 'EMAMILTD.NS', 'INTELLECT.NS', 'SAREGAMA.NS', 'FSL.NS', 'COFORGE.NS']",6.53,6.47,1537770.01
2021-01-31,2021-02-28,"['TTML.NS', 'SARDAEN.NS', 'TANLA.NS', 'ANANTRAJ.NS', 'OLECTRA.NS', 'ALKYLAMINE.NS', 'ECLERX.NS', 'TATAELXSI.NS', 'DBREALTY.NS', 'PRAJIND.NS', 'ADANIENT.NS', 'BSOFT.NS', 'SHRIRAMFIN.NS', 'ADANIGREEN.NS', 'SOBHA.NS', 'NCC.NS', 'APLAPOLLO.NS', 'ELGIEQUIP.NS', 'ACE.NS', 'BLUEDART.NS', 'JKTYRE.NS', 'CENTURYPLY.NS', 'ATGL.NS', 'HFCL.NS', 'INTELLECT.NS', 'PCBL.NS', 'MASTEK.NS', 'TEJASNET.NS', 'CHOLAFIN.NS', 'AFFLE.NS', 'GRAPHITE.NS', 'INOXWIND.NS', 'KPITTECH.NS', 'JSL.NS', 'JBMA.NS', 'TRIDENT.NS', 'JSWHL.NS', 'KPRMILL.NS', 'CGPOWER.NS', 'INDIAMART.NS', 'ASHOKLEY.NS', 'GPIL.NS', 'ELECON.NS', 'PGEL.NS', 'TATAMOTORS.NS', 'EMAMILTD.NS', 'RKFORGE.NS', 'IIFL.NS', 'SAREGAMA.NS', 'JWL.NS']",18.75,18.69,1825129.56
2021-02-28,2021-03-31,"['TTML.NS', 'TATACHEM.NS', 'TANLA.NS', 'ANANTRAJ.NS', 'OLECTRA.NS', 'DIXON.NS', 'TATAELXSI.NS', 'DBREALTY.NS', 'PRAJIND.NS', 'INDIANB.NS', 'ADANIENT.NS', 'ADANIGREEN.NS', 'NCC.NS', 'APLAPOLLO.NS', 'ACE.NS', 'BLUEDART.NS', 'MMTC.NS', 'DLF.NS', 'JKTYRE.NS', 'CENTURYPLY.NS', 'ATGL.NS', 'IDFCFIRSTB.NS', 'NEULANDLAB.NS', 'INTELLECT.NS', 'ABCAPITAL.NS', 'DEEPAKNTR.NS', 'TEJASNET.NS', 'RKFORGE.NS', 'CHOLAFIN.NS', 'MOTHERSON.NS', 'AFFLE.NS', 'GRAPHITE.NS', 'ASTRAL.NS', 'SAIL.NS', 'TRIDENT.NS', 'DALBHARAT.NS', 'CGPOWER.NS', 'INDIAMART.NS', 'ASHOKLEY.NS', 'ADANIPORTS.NS', 'GPIL.NS', 'ELECON.NS', 'PGEL.NS', 'TATAMOTORS.NS', 'HINDCOPPER.NS', 'LINDEINDIA.NS', 'POONAWALLA.NS', 'IIFL.NS', 'SAREGAMA.NS', 'JUSTDIAL.NS']",6.85,6.78,1948899.89
2021-03-31,2021-04-30,"['TTML.NS', 'TATACHEM.NS', 'TANLA.NS', 'ANANTRAJ.NS', 'OLECTRA.NS', 'TIINDIA.NS', 'DIXON.NS', 'TATAELXSI.NS', 'DBREALTY.NS', 'SUNDRMFAST.NS', 'PRAJIND.NS', 'INDIANB.NS', 'ADANIENT.NS', 'SHRIRAMFIN.NS', 'NCC.NS', 'APLAPOLLO.NS', 'KIRLOSBROS.NS', 'ACE.NS', 'MMTC.NS', 'TATASTEEL.NS', 'CUMMINSIND.NS', 'ATGL.NS', 'POONAWALLA.NS', 'HEG.NS', 'DEEPAKNTR.NS', 'SUNDARMFIN.NS', 'CHOLAFIN.NS', 'TEJASNET.NS', 'GRAPHITE.NS', 'ADANIPOWER.NS', 'SCI.NS', 'SAIL.NS', 'IFCI.NS', 'TRIDENT.NS', 'FACT.NS', 'DALBHARAT.NS', 'CGPOWER.NS', 'ADANIPORTS.NS', 'GPIL.NS', 'ELECON.NS', 'PGEL.NS', 'TATAMOTORS.NS', 'HINDCOPPER.NS', 'NBCC.NS', 'LINDEINDIA.NS', 'INTELLECT.NS', 'IIFL.NS', 'SAREGAMA.NS', 'BEML.NS', 'JUSTDIAL.NS']",6.16,6.11,2067926.73
2021-04-30,2021-05-31,"['TATACHEM.NS', 'SARDAEN.NS', 'TANLA.NS', 'JINDALSTEL.NS', 'ANANTRAJ.NS', 'OLECTRA.NS', 'ALKYLAMINE.NS', 'DCMSHRIRAM.NS', 'DIXON.NS', 'TATAELXSI.NS', 'DBREALTY.NS', 'PRAJIND.NS', 'ADANIENT.NS', 'NCC.NS', 'APLAPOLLO.NS', 'KIRLOSBROS.NS', 'MMTC.NS', 'TATASTEEL.NS', 'ATGL.NS', 'POONAWALLA.NS', 'NEULANDLAB.NS', 'HEG.NS', 'DEEPAKNTR.NS', 'USHAMART.NS', 'CHOLAFIN.NS', 'TEJASNET.NS', 'GRAVITA.NS', 'VEDL.NS', 'GRAPHITE.NS', 'MAHABANK.NS', 'ADANIPOWER.NS', 'AFFLE.NS', 'SAIL.NS', 'KPITTECH.NS', 'NATIONALUM.NS', 'FACT.NS', 'CGPOWER.NS', 'TARIL.NS', 'GPIL.NS', 'ELECON.NS', 'JSWSTEEL.NS', 'PGEL.NS', 'HINDALCO.NS', 'TATAMOTORS.NS', 'HINDCOPPER.NS', 'LINDEINDIA.NS', 'INTELLECT.NS', 'IIFL.NS', 'SAREGAMA.NS', 'POLYMED.NS']",8.57,8.51,2243902.52
2021-05-31,2021-06-30,"['TTML.NS', 'ANANTRAJ.NS', 'OLECTRA.NS', 'ALKYLAMINE.NS', 'PERSISTENT.NS', 'KIRLOSENG.NS', 'RPOWER.NS', 'TATAELXSI.NS', 'PRAJIND.NS', 'INDIANB.NS', 'ADANIENT.NS', 'TRIVENI.NS', 'KIRLOSBROS.NS', 'MMTC.NS', 'NMDC.NS', 'RTNINDIA.NS', 'CDSL.NS', 'CENTURYPLY.NS', 'ATGL.NS', 'HFCL.NS', 'POONAWALLA.NS', 'NEULANDLAB.NS', 'HEG.NS', 'MASTEK.NS', 'DEEPAKNTR.NS', 'USHAMART.NS', 'GRAVITA.NS', 'VEDL.NS', 'GRAPHITE.NS', 'MAHABANK.NS', 'ADANIPOWER.NS', 'SCI.NS', 'SAIL.NS', 'KPITTECH.NS', 'TRIDENT.NS', 'FACT.NS', 'DEEPAKFERT.NS', 'REDINGTON.NS', 'CGPOWER.NS', 'TARIL.NS', 'GPIL.NS', 'ELECON.NS', 'JSWSTEEL.NS', 'PGEL.NS', 'HINDCOPPER.NS', 'BHEL.NS', 'INTELLECT.NS', 'IIFL.NS', 'SAREGAMA.NS', 'POLYMED.NS']",14.94,14.87,2577659.51
2021-06-30,2021-07-31,"['TTML.NS', 'SARDAEN.NS', 'FLUOROCHEM.NS', 'DCMSHRIRAM.NS', 'ANANTRAJ.NS', 'ALKYLAMINE.NS', 'PERSISTENT.NS', 'KIRLOSENG.NS', 'RPOWER.NS', 'ECLERX.NS', 'TATAELXSI.NS', 'BALRAMCHIN.NS', 'PRAJIND.NS', 'POLYCAB.NS', 'ADANIENT.NS', 'TRIVENI.NS', 'KIRLOSBROS.NS', 'RENUKA.NS', 'MMTC.NS', 'RTNINDIA.NS', 'ATGL.NS', 'LAURUSLABS.NS', 'HFCL.NS', 'NEULANDLAB.NS', 'INTELLECT.NS', 'CENTRALBK.NS', 'HEG.NS', 'MASTEK.NS', 'DEEPAKNTR.NS', 'PNBHOUSING.NS', 'FSL.NS', 'GRAPHITE.NS', 'MAHABANK.NS', 'ADANIPOWER.NS', 'SONATSOFTW.NS', 'NATIONALUM.NS', 'FACT.NS', 'DEEPAKFERT.NS', 'REDINGTON.NS', 'JSWENERGY.NS', 'IOB.NS', 'GPIL.NS', 'ELECON.NS', 'PGEL.NS', 'NEWGEN.NS', 'HINDCOPPER.NS', 'POONAWALLA.NS', 'IIFL.NS', 'SAREGAMA.NS', 'POLYMED.NS']",5.44,5.37,2716138.12
2021-07-31,2021-08-31,"['TTML.NS', 'SARDAEN.NS', 'FLUOROCHEM.NS', 'DCMSHRIRAM.NS', 'OLECTRA.NS', 'ALKYLAMINE.NS', 'IIFL.NS', 'PERSISTENT.NS', 'RPOWER.NS', 'KIRLOSENG.NS', 'ECLERX.NS', 'BALRAMCHIN.NS', 'PRAJIND.NS', 'ADANIENT.NS', 'TRIVENI.NS', 'RENUKA.NS', 'KIRLOSBROS.NS', 'RTNINDIA.NS', 'TATASTEEL.NS', 'CDSL.NS', 'ATGL.NS', 'HFCL.NS', 'INTELLECT.NS', 'HEG.NS', 'MASTEK.NS', 'DEEPAKNTR.NS', 'USHAMART.NS', 'GRAVITA.NS', 'GRAPHITE.NS', 'INOXWIND.NS', 'SAIL.NS', 'NATIONALUM.NS', 'DEEPAKFERT.NS', 'REDINGTON.NS', 'KPRMILL.NS', 'JSWENERGY.NS', 'TARIL.NS', 'IOB.NS', 'GPIL.NS', 'ELECON.NS', 'JSWSTEEL.NS', 'PGEL.NS', 'HINDCOPPER.NS', 'NEWGEN.NS', 'POONAWALLA.NS', 'NAVA.NS', 'SAREGAMA.NS', 'FSL.NS', 'COFORGE.NS', 'BSE.NS']",-4.75,-4.8,2585666.93
2021-08-31,2021-09-30,"['TTML.NS', 'SARDAEN.NS', 'FLUOROCHEM.NS', 'CCL.NS', 'DCMSHRIRAM.NS', 'ALKYLAMINE.NS', 'PERSISTENT.NS', 'RPOWER.NS', 'ECLERX.NS', 'BALRAMCHIN.NS', 'TATAELXSI.NS', 'PRAJIND.NS', 'ADANIENT.NS', 'BSOFT.NS', 'BAJAJFINSV.NS', 'TRIVENI.NS', 'WELSPUNLIV.NS', 'KIRLOSBROS.NS', 'RENUKA.NS', 'RTNINDIA.NS', 'TATASTEEL.NS', 'CDSL.NS', 'TITAGARH.NS', 'ATGL.NS', 'LAURUSLABS.NS', 'HFCL.NS', 'MASTEK.NS', 'USHAMART.NS', 'LALPATHLAB.NS', 'TEJASNET.NS', 'GRAVITA.NS', 'FORTIS.NS', 'ADANIPOWER.NS', 'BASF.NS', 'SONATSOFTW.NS', 'KPITTECH.NS', 'JSL.NS', 'SRF.NS', 'DEEPAKFERT.NS', 'KPRMILL.NS', 'JSWENERGY.NS', 'BLS.NS', 'GPIL.NS', 'ELECON.NS', 'NEWGEN.NS', 'RKFORGE.NS', 'SAREGAMA.NS', 'FSL.NS', 'COFORGE.NS', 'BSE.NS']",6.35,6.27,2747898.56
2021-09-30,2021-10-31,"['TTML.NS', 'FLUOROCHEM.NS', 'DCMSHRIRAM.NS', 'OLECTRA.NS', 'PERSISTENT.NS', 'ZENTEC.NS', 'RPOWER.NS', 'ABREL.NS', 'ECLERX.NS', 'TATAELXSI.NS', 'PRAJIND.NS', 'OIL.NS', 'BAJAJFINSV.NS', 'TRIVENI.NS', 'CAPLIPOINT.NS', 'WELSPUNLIV.NS', 'SOBHA.NS', 'RENUKA.NS', 'KEI.NS', 'RTNINDIA.NS', 'TITAGARH.NS', 'CDSL.NS', 'HFCL.NS', 'MPHASIS.NS', 'MASTEK.NS', 'IEX.NS', 'USHAMART.NS', 'TEJASNET.NS', 'RKFORGE.NS', 'GRAVITA.NS', 'IRB.NS', 'KPITTECH.NS', 'JSL.NS', 'TRIDENT.NS', 'SRF.NS', 'DEEPAKFERT.NS', 'LTTS.NS', 'KPRMILL.NS', 'CGPOWER.NS', 'JSWENERGY.NS', 'BLS.NS', 'GPIL.NS', 'ELECON.NS', 'NEWGEN.NS', 'IRCTC.NS', 'NAVA.NS', 'SAREGAMA.NS', 'JWL.NS', 'COFORGE.NS', 'BSE.NS']",2.03,1.97,2801911.63
2021-10-31,2021-11-30,"['TTML.NS', 'RADICO.NS', 'FLUOROCHEM.NS', 'OLECTRA.NS', 'PERSISTENT.NS', 'ZENTEC.NS', 'SOLARINDS.NS', 'RPOWER.NS', 'NETWORK18.NS', 'ECLERX.NS', 'ZENSARTECH.NS', 'DBREALTY.NS', 'OIL.NS', 'WELSPUNLIV.NS', 'RENUKA.NS', 'KEI.NS', 'INDHOTEL.NS', 'RTNINDIA.NS', 'TITAGARH.NS', 'CDSL.NS', 'HFCL.NS', 'MPHASIS.NS', 'GMRAIRPORT.NS', 'TRITURBINE.NS', 'IEX.NS', 'USHAMART.NS', 'TEJASNET.NS', 'RKFORGE.NS', 'TATAPOWER.NS', 'GRAVITA.NS', 'FSL.NS', 'MAHSEAMLES.NS', 'IRB.NS', 'JSL.NS', 'CHAMBLFERT.NS', 'TRIDENT.NS', 'BRIGADE.NS', 'LTTS.NS', 'CGPOWER.NS', 'JSWENERGY.NS', 'BLS.NS', 'J&KBANK.NS', 'ELECON.NS', 'LTIM.NS', 'NEWGEN.NS', 'IRCTC.NS', 'SAREGAMA.NS', 'JWL.NS', 'COFORGE.NS', 'BSE.NS']",3.35,3.29,2894052.49
2021-11-30,2021-12-31,"['TTML.NS', 'RADICO.NS', 'TANLA.NS', 'FLUOROCHEM.NS', 'OLECTRA.NS', 'PERSISTENT.NS', 'ZENTEC.NS', 'SOLARINDS.NS', 'NETWORK18.NS', 'ECLERX.NS', 'TATAELXSI.NS', 'DBREALTY.NS', 'ESCORTS.NS', 'OIL.NS', 'APOLLOHOSP.NS', 'SOBHA.NS', 'RENUKA.NS', 'KEI.NS', 'RTNINDIA.NS', 'HFCL.NS', 'CRISIL.NS', 'TRITURBINE.NS', 'IEX.NS', 'USHAMART.NS', 'SWSOLAR.NS', 'TEJASNET.NS', 'TATAPOWER.NS', 'GRAVITA.NS', 'SKFINDIA.NS', 'MAHSEAMLES.NS', 'IRB.NS', 'INOXWIND.NS', 'VTL.NS', 'KPITTECH.NS', 'JSL.NS', 'JBMA.NS', 'TRIDENT.NS', 'BRIGADE.NS', 'LTTS.NS', 'KPRMILL.NS', 'CGPOWER.NS', 'JSWENERGY.NS', 'BLS.NS', 'ELECON.NS', 'LTIM.NS', 'RAYMOND.NS', 'IRCTC.NS', 'SAREGAMA.NS', 'JWL.NS', 'BSE.NS']",10.65,10.6,3200719.71
2021-12-31,2022-01-31,"['TTML.NS', 'TECHM.NS', 'RADICO.NS', 'UNOMINDA.NS', 'TANLA.NS', 'FLUOROCHEM.NS', 'OLECTRA.NS', 'PERSISTENT.NS', 'ZENTEC.NS', 'SOLARINDS.NS', 'NETWORK18.NS', 'ZENSARTECH.NS', 'DBREALTY.NS', 'ESCORTS.NS', 'SOBHA.NS', 'BAJAJHLDNG.NS', 'KEI.NS', 'CDSL.NS', 'ATGL.NS', 'MPHASIS.NS', 'TRITURBINE.NS', 'IEX.NS', 'PRESTIGE.NS', 'CARBORUNIV.NS', 'USHAMART.NS', 'LINDEINDIA.NS', 'TEJASNET.NS', 'TATAPOWER.NS', 'GRAVITA.NS', 'APARINDS.NS', 'MAHSEAMLES.NS', 'VTL.NS', 'KPITTECH.NS', 'JSL.NS', 'JBMA.NS', 'TRIDENT.NS', 'SRF.NS', 'BRIGADE.NS', 'LTTS.NS', 'KPRMILL.NS', 'CGPOWER.NS', 'JSWENERGY.NS', 'PGEL.NS', 'LTIM.NS', 'SCHAEFFLER.NS', 'IDEA.NS', 'ZEEL.NS', 'IRCTC.NS', 'SAREGAMA.NS', 'BSE.NS']",-1.19,-1.25,3160626.95
2022-01-31,2022-02-28,"['TTML.NS', 'ZEEL.NS', 'UNOMINDA.NS', 'TANLA.NS', 'FLUOROCHEM.NS', 'OLECTRA.NS', 'ZENTEC.NS', 'TIINDIA.NS', 'NETWORK18.NS', 'TATAELXSI.NS', 'DBREALTY.NS', 'ESCORTS.NS', 'OIL.NS', 'ADANIGREEN.NS', 'TRIVENI.NS', 'ONGC.NS', 'ELGIEQUIP.NS', 'KEI.NS', 'INDHOTEL.NS', 'ATGL.NS', 'POONAWALLA.NS', 'GMRAIRPORT.NS', 'TRITURBINE.NS', 'CANBK.NS', 'IEX.NS', 'GMDCLTD.NS', 'SUZLON.NS', 'TEJASNET.NS', 'LINDEINDIA.NS', 'TATAPOWER.NS', 'GRAVITA.NS', 'AFFLE.NS', 'MAHSEAMLES.NS', 'IRB.NS', 'JPPOWER.NS', 'KPITTECH.NS', 'JBMA.NS', 'TRIDENT.NS', 'BRIGADE.NS', 'KPRMILL.NS', 'CGPOWER.NS', 'BLS.NS', 'CHALET.NS', 'PGEL.NS', 'TATAMOTORS.NS', 'RAYMOND.NS', 'IRCTC.NS', 'ASAHIINDIA.NS', 'THERMAX.NS', 'BSE.NS']",-8.72,-8.81,2882227.66
2022-02-28,2022-03-31,"['TTML.NS', 'ZEEL.NS', 'TANLA.NS', 'FLUOROCHEM.NS', 'OLECTRA.NS', 'ZENTEC.NS', 'NETWORK18.NS', 'GNFC.NS', 'TATAELXSI.NS', 'DBREALTY.NS', 'ESCORTS.NS', 'ADANIGREEN.NS', 'TRIVENI.NS', 'ELGIEQUIP.NS', 'ONGC.NS', 'INDHOTEL.NS', 'CENTURYPLY.NS', 'POONAWALLA.NS', 'TITAN.NS', 'BANKBARODA.NS', 'MINDACORP.NS', 'GMRAIRPORT.NS', 'CANBK.NS', 'TRITURBINE.NS', 'GMDCLTD.NS', 'SUZLON.NS', 'TATAPOWER.NS', 'GRAVITA.NS', 'BLUESTARCO.NS', 'VEDL.NS', 'MAHSEAMLES.NS', 'JPPOWER.NS', 'VTL.NS', 'KPITTECH.NS', 'JBMA.NS', 'TRIDENT.NS', 'NATIONALUM.NS', 'DEEPAKFERT.NS', 'BRIGADE.NS', 'KPRMILL.NS', 'CGPOWER.NS', 'PAGEIND.NS', 'RHIM.NS', 'CHALET.NS', 'PGEL.NS', 'IDEA.NS', 'TATAMOTORS.NS', 'RAYMOND.NS', 'IRCTC.NS', 'BSE.NS']",8.82,8.77,3134890.31
2022-03-31,2022-04-30,"['TTML.NS', 'SARDAEN.NS', 'TANLA.NS', 'FLUOROCHEM.NS', 'JINDALSTEL.NS', 'OLECTRA.NS', 'NETWORK18.NS', 'GNFC.NS', 'TATAELXSI.NS', 'DBREALTY.NS', 'BDL.NS', 'ADANIENT.NS', 'ADANIGREEN.NS', 'TRIVENI.NS', 'ELGIEQUIP.NS', 'KEI.NS', 'NH.NS', 'INDHOTEL.NS', 'CENTURYPLY.NS', 'ATGL.NS', 'BANKBARODA.NS', 'MINDACORP.NS', 'USHAMART.NS', 'GMDCLTD.NS', 'LINDEINDIA.NS', 'SUZLON.NS', 'TATAPOWER.NS', 'GRAVITA.NS', 'VEDL.NS', 'MAHSEAMLES.NS', 'ADANIPOWER.NS', 'JPPOWER.NS', 'KPITTECH.NS', 'JBMA.NS', 'TRIDENT.NS', 'NATIONALUM.NS', 'DEEPAKFERT.NS', 'KPRMILL.NS', 'CGPOWER.NS', 'PAGEIND.NS', 'RHIM.NS', 'HSCL.NS', 'PGEL.NS', 'SAREGAMA.NS', 'SWANENERGY.NS', 'RAYMOND.NS', 'POONAWALLA.NS', 'LEMONTREE.NS', 'THERMAX.NS', 'BSE.NS']",5.67,5.61,3310778.46
2022-04-30,2022-05-31,"['TTML.NS', 'SARDAEN.NS', 'FLUOROCHEM.NS', 'TIINDIA.NS', 'GNFC.NS', 'BALRAMCHIN.NS', 'DBREALTY.NS', 'TATAELXSI.NS', 'BDL.NS', 'ADANIENT.NS', 'ADANIGREEN.NS', 'TRIVENI.NS', 'ELGIEQUIP.NS', 'RENUKA.NS', 'KEI.NS', 'INDHOTEL.NS', 'WELCORP.NS', 'NH.NS', 'MRPL.NS', 'ATGL.NS', 'MINDACORP.NS', 'CREDITACC.NS', 'USHAMART.NS', 'GMDCLTD.NS', 'LINDEINDIA.NS', 'CHENNPETRO.NS', 'SUZLON.NS', 'GRAVITA.NS', 'GRSE.NS', 'VEDL.NS', 'ADANIPOWER.NS', 'RCF.NS', 'JPPOWER.NS', 'KPITTECH.NS', 'JBMA.NS', 'TRIDENT.NS', 'DEEPAKFERT.NS', 'KPRMILL.NS', 'CGPOWER.NS', 'BLS.NS', 'RHIM.NS', 'PGEL.NS', 'SCHAEFFLER.NS', 'SWANENERGY.NS', 'RAYMOND.NS', 'POONAWALLA.NS', 'NAVA.NS', 'THERMAX.NS', 'JWL.NS', 'BSE.NS']",-6.22,-6.27,3103149.4
2022-05-31,2022-06-30,"['FLUOROCHEM.NS', 'SUMICHEM.NS', 'GNFC.NS', 'TATAELXSI.NS', 'DBREALTY.NS', 'BALRAMCHIN.NS', 'BDL.NS', 'NLCINDIA.NS', 'ADANIENT.NS', 'ADANIGREEN.NS', 'TRIVENI.NS', 'ELGIEQUIP.NS', 'RENUKA.NS', 'INDHOTEL.NS', 'GESHIP.NS', 'WELCORP.NS', 'MRPL.NS', 'ATGL.NS', 'LEMONTREE.NS', 'M&M.NS', 'MINDACORP.NS', 'CREDITACC.NS', 'USHAMART.NS', 'GMDCLTD.NS', 'CGCL.NS', 'SUZLON.NS', 'CHENNPETRO.NS', 'COROMANDEL.NS', 'CHOLAFIN.NS', 'GRAVITA.NS', 'ADANIPOWER.NS', 'COALINDIA.NS', 'RCF.NS', 'JPPOWER.NS', 'DEEPAKFERT.NS', 'BLS.NS', 'RHIM.NS', 'HAL.NS', 'HSCL.NS', 'ITC.NS', 'PGEL.NS', 'SCHAEFFLER.NS', 'CHALET.NS', 'NTPC.NS', 'SWANENERGY.NS', 'RAYMOND.NS', 'POONAWALLA.NS', 'NAVA.NS', 'JWL.NS', 'BSE.NS']",-5.7,-5.75,2924663.6
2022-06-30,2022-07-31,"['TIMKEN.NS', 'PHOENIXLTD.NS', 'GNFC.NS', 'TATAELXSI.NS', 'BDL.NS', 'ADANIENT.NS', 'OIL.NS', 'ADANIGREEN.NS', 'ELGIEQUIP.NS', 'RENUKA.NS', 'BLUEDART.NS', 'INDHOTEL.NS', 'GESHIP.NS', 'WELCORP.NS', 'MRPL.NS', 'ATGL.NS', 'LEMONTREE.NS', 'M&M.NS', 'BANKBARODA.NS', 'MINDACORP.NS', 'CREDITACC.NS', 'USHAMART.NS', 'GMDCLTD.NS', 'CGCL.NS', 'LINDEINDIA.NS', 'CHENNPETRO.NS', 'COROMANDEL.NS', 'SWANENERGY.NS', 'CHOLAFIN.NS', 'MAHSEAMLES.NS', 'ADANIPOWER.NS', 'COALINDIA.NS', 'EIDPARRY.NS', 'AIAENG.NS', 'DEEPAKFERT.NS', 'BLS.NS', 'PATANJALI.NS', 'ASHOKLEY.NS', 'HAL.NS', 'RHIM.NS', 'ELECON.NS', 'CHALET.NS', 'VBL.NS', 'HSCL.NS', 'SCHAEFFLER.NS', 'ITC.NS', 'TVSMOTOR.NS', 'RAYMOND.NS', 'NAVA.NS', 'JWL.NS']",11.55,11.49,3260765.12
2022-07-31,2022-08-31,"['TIMKEN.NS', 'JYOTHYLAB.NS', 'PHOENIXLTD.NS', 'PIIND.NS', 'TIINDIA.NS', 'GNFC.NS', 'BDL.NS', 'ADANIENT.NS', 'RENUKA.NS', 'BLUEDART.NS', 'INDHOTEL.NS', 'GESHIP.NS', 'WELCORP.NS', 'BEL.NS', 'RAYMOND.NS', 'MRPL.NS', 'CUMMINSIND.NS', 'ATGL.NS', 'LEMONTREE.NS', 'M&M.NS', 'USHAMART.NS', 'GMDCLTD.NS', 'CGCL.NS', 'LINDEINDIA.NS', 'CHENNPETRO.NS', 'COROMANDEL.NS', 'SWANENERGY.NS', 'APARINDS.NS', 'MAHSEAMLES.NS', 'ADANIPOWER.NS', 'COALINDIA.NS', 'AIAENG.NS', 'TRENT.NS', 'ABBOTINDIA.NS', 'DEEPAKFERT.NS', 'CGPOWER.NS', 'BLS.NS', 'PATANJALI.NS', 'HAL.NS', 'ELECON.NS', 'HSCL.NS', 'VBL.NS', 'SCHAEFFLER.NS', 'ITC.NS', 'ASTERDM.NS', 'PGEL.NS', 'CHALET.NS', 'TVSMOTOR.NS', 'CREDITACC.NS', 'NAVA.NS']",7.48,7.43,3503183.88
2022-08-31,2022-09-30,"['TIMKEN.NS', 'KIRLOSENG.NS', 'PHOENIXLTD.NS', 'SOLARINDS.NS', 'CEATLTD.NS', 'TIINDIA.NS', 'GVT&D.NS', 'TATAELXSI.NS', 'BDL.NS', 'INDIANB.NS', 'ADANIENT.NS', 'ELGIEQUIP.NS', 'CUB.NS', 'RENUKA.NS', 'KEI.NS', 'BLUEDART.NS', 'INDHOTEL.NS', 'GESHIP.NS', 'WELCORP.NS', 'BEL.NS', 'M&MFIN.NS', 'TITAGARH.NS', 'MRPL.NS', 'ABB.NS', 'ATGL.NS', 'PCBL.NS', 'M&M.NS', 'USHAMART.NS', 'CHENNPETRO.NS', 'TEJASNET.NS', 'APARINDS.NS', 'NHPC.NS', 'MAHSEAMLES.NS', 'ADANIPOWER.NS', 'COALINDIA.NS', 'AIAENG.NS', 'DEEPAKFERT.NS', 'BLS.NS', 'PATANJALI.NS', 'KARURVYSYA.NS', 'HAL.NS', 'ELECON.NS', 'HSCL.NS', 'VBL.NS', 'SCHAEFFLER.NS', 'ITC.NS', 'PGEL.NS', 'TVSMOTOR.NS', 'NAVA.NS', 'JWL.NS']",0.03,-0.04,3501828.93
2022-09-30,2022-10-31,"['TIMKEN.NS', 'SCHNEIDER.NS', 'FLUOROCHEM.NS', 'KIRLOSENG.NS', 'ANANTRAJ.NS', 'SOLARINDS.NS', 'CEATLTD.NS', 'TIINDIA.NS', 'GVT&D.NS', 'COCHINSHIP.NS', 'BDL.NS', 'ADANIENT.NS', 'ELGIEQUIP.NS', 'WESTLIFE.NS', 'RENUKA.NS', 'INDHOTEL.NS', 'WELCORP.NS', 'AMBUJACEM.NS', 'GESHIP.NS', 'EICHERMOT.NS', 'TITAGARH.NS', 'BEL.NS', 'ABB.NS', 'ATGL.NS', 'JKTYRE.NS', 'MRPL.NS', 'LEMONTREE.NS', 'M&M.NS', 'CHENNPETRO.NS', 'TEJASNET.NS', 'APARINDS.NS', 'GRSE.NS', 'APOLLOTYRE.NS', 'ADANIPOWER.NS', 'MAHSEAMLES.NS', 'AIAENG.NS', 'DEEPAKFERT.NS', 'TARIL.NS', 'BLS.NS', 'PATANJALI.NS', 'KARURVYSYA.NS', 'HAL.NS', 'TATAINVEST.NS', 'ELECON.NS', 'VBL.NS', 'SCHAEFFLER.NS', 'PGEL.NS', 'TVSMOTOR.NS', 'ASAHIINDIA.NS', 'JWL.NS']",3.54,3.49,3624001.0
2022-10-31,2022-11-30,"['TIMKEN.NS', 'FLUOROCHEM.NS', 'CERA.NS', 'ANANTRAJ.NS', 'KIRLOSENG.NS', 'SOLARINDS.NS', 'CEATLTD.NS', 'TIINDIA.NS', 'COCHINSHIP.NS', 'INDIANB.NS', 'ADANIENT.NS', 'WESTLIFE.NS', 'ELGIEQUIP.NS', 'CUB.NS', 'GESHIP.NS', 'EICHERMOT.NS', 'AMBUJACEM.NS', 'JKTYRE.NS', 'TITAGARH.NS', 'ABB.NS', 'BEL.NS', 'ATGL.NS', 'IDFCFIRSTB.NS', 'BANKBARODA.NS', 'M&M.NS', 'TRITURBINE.NS', 'TEJASNET.NS', 'APARINDS.NS', 'GRSE.NS', 'RITES.NS', 'APOLLOTYRE.NS', 'COALINDIA.NS', 'INOXWIND.NS', 'AIAENG.NS', 'DEEPAKFERT.NS', 'FEDERALBNK.NS', 'TARIL.NS', 'BLS.NS', 'KARURVYSYA.NS', 'HAL.NS', 'TATAINVEST.NS', 'ELECON.NS', 'HSCL.NS', 'VBL.NS', 'ITC.NS', 'BHEL.NS', 'TVSMOTOR.NS', 'RAYMOND.NS', 'ASAHIINDIA.NS', 'UNIONBANK.NS']",4.95,4.89,3801288.4
2022-11-30,2022-12-31,"['SCHNEIDER.NS', 'CCL.NS', 'KIRLOSENG.NS', 'ANANTRAJ.NS', 'CEATLTD.NS', 'TIINDIA.NS', 'COCHINSHIP.NS', 'INDIANB.NS', 'ADANIENT.NS', 'WESTLIFE.NS', 'ACE.NS', 'GESHIP.NS', 'AMBUJACEM.NS', 'JKTYRE.NS', 'TITAGARH.NS', 'IDFCFIRSTB.NS', 'ATGL.NS', 'RVNL.NS', 'NEULANDLAB.NS', 'IRCON.NS', 'BANKBARODA.NS', 'TRITURBINE.NS', 'PNB.NS', 'CANBK.NS', 'UCOBANK.NS', 'TEJASNET.NS', 'BANKINDIA.NS', 'HUDCO.NS', 'APARINDS.NS', 'GRSE.NS', 'RITES.NS', 'MAHABANK.NS', 'FINCABLES.NS', 'JSL.NS', 'FEDERALBNK.NS', 'CGPOWER.NS', 'TARIL.NS', 'BLS.NS', 'KARURVYSYA.NS', 'J&KBANK.NS', 'HAL.NS', 'TATAINVEST.NS', 'ELECON.NS', 'GODFRYPHLP.NS', 'VBL.NS', 'HSCL.NS', 'BHEL.NS', 'LEMONTREE.NS', 'UNIONBANK.NS', 'JWL.NS']",1.78,1.71,3866231.47
2022-12-31,2023-01-31,"['IDBI.NS', 'SCHNEIDER.NS', 'JINDALSTEL.NS', 'KIRLOSENG.NS', 'ANANTRAJ.NS', 'CEATLTD.NS', 'COCHINSHIP.NS', 'DBREALTY.NS', 'INDIANB.NS', 'ADANIENT.NS', 'GESHIP.NS', 'JKTYRE.NS', 'TITAGARH.NS', 'IDFCFIRSTB.NS', 'RVNL.NS', 'CENTRALBK.NS', 'IRCON.NS', 'BANKBARODA.NS', 'ABCAPITAL.NS', 'PNB.NS', 'CANBK.NS', 'TRITURBINE.NS', 'UCOBANK.NS', 'SUZLON.NS', 'BANKINDIA.NS', 'GRSE.NS', 'APARINDS.NS', 'MAHABANK.NS', 'RCF.NS', 'APOLLOTYRE.NS', 'YESBANK.NS', 'JSL.NS', 'FACT.NS', 'SAMMAANCAP.NS', 'TARIL.NS', 'BLS.NS', 'KARURVYSYA.NS', 'J&KBANK.NS', 'IOB.NS', 'RHIM.NS', 'HSCL.NS', 'GODFRYPHLP.NS', 'VBL.NS', 'RBLBANK.NS', 'BHEL.NS', 'SWANENERGY.NS', 'RAYMOND.NS', 'RKFORGE.NS', 'UNIONBANK.NS', 'JWL.NS']",-2.57,-2.64,3764199.63
2023-01-31,2023-02-28,"['IDBI.NS', 'SCHNEIDER.NS', 'JINDALSTEL.NS', 'KIRLOSENG.NS', 'ANANTRAJ.NS', 'SOLARINDS.NS', 'COCHINSHIP.NS', 'JINDALSAW.NS', 'INDIANB.NS', 'NCC.NS', 'ACE.NS', 'NMDC.NS', 'TITAGARH.NS', 'IDFCFIRSTB.NS', 'RVNL.NS', 'CENTRALBK.NS', 'IRCON.NS', 'BANKBARODA.NS', 'PNB.NS', 'TRITURBINE.NS', 'PNBHOUSING.NS', 'UCOBANK.NS', 'SUZLON.NS', 'BANKINDIA.NS', 'GRAVITA.NS', 'GRSE.NS', 'APARINDS.NS', 'NIACL.NS', 'MAHABANK.NS', 'APOLLOTYRE.NS', 'JSL.NS', 'GICRE.NS', 'FACT.NS', 'REDINGTON.NS', 'TARIL.NS', 'BLS.NS', 'KARURVYSYA.NS', 'J&KBANK.NS', 'IOB.NS', 'RHIM.NS', 'TATAINVEST.NS', 'GODFRYPHLP.NS', 'RBLBANK.NS', 'BHEL.NS', 'SWANENERGY.NS', 'RAYMOND.NS', 'RKFORGE.NS', 'IIFL.NS', 'UNIONBANK.NS', 'JWL.NS']",-8.39,-8.44,3446489.73
2023-02-28,2023-03-31,"['CERA.NS', 'JINDALSTEL.NS', 'KIRLOSENG.NS', 'PERSISTENT.NS', 'ZENTEC.NS', 'JINDALSAW.NS', 'SUPREMEIND.NS', 'ZENSARTECH.NS', 'INDIANB.NS', 'OIL.NS', 'NCC.NS', 'APLAPOLLO.NS', 'ACE.NS', 'CUMMINSIND.NS', 'RVNL.NS', 'NEULANDLAB.NS', 'CENTRALBK.NS', 'IRCON.NS', 'ABCAPITAL.NS', 'TRITURBINE.NS', 'PNB.NS', 'PNBHOUSING.NS', 'UCOBANK.NS', 'BANKINDIA.NS', 'GRAVITA.NS', 'APARINDS.NS', 'GRSE.NS', 'BLUESTARCO.NS', 'FINCABLES.NS', 'MAHABANK.NS', 'PFC.NS', 'SONATSOFTW.NS', 'KPITTECH.NS', 'JSL.NS', 'JBMA.NS', 'FACT.NS', 'CGPOWER.NS', 'TARIL.NS', 'KARURVYSYA.NS', 'J&KBANK.NS', 'IOB.NS', 'TATAINVEST.NS', 'GODFRYPHLP.NS', 'PGEL.NS', 'RBLBANK.NS', 'VBL.NS', 'RAYMOND.NS', 'RKFORGE.NS', 'IIFL.NS', 'UNIONBANK.NS']",3.4,3.32,3560929.76
2023-03-31,2023-04-30,"['KIRLOSENG.NS', 'PERSISTENT.NS', 'ZENTEC.NS', 'JINDALSAW.NS', 'ZENSARTECH.NS', 'INDIANB.NS', 'OIL.NS', 'NCC.NS', 'ONGC.NS', 'GPPL.NS', 'RECLTD.NS', 'ACE.NS', 'TITAGARH.NS', 'CUMMINSIND.NS', 'RVNL.NS', 'TECHNOE.NS', 'NEULANDLAB.NS', 'IRCON.NS', 'ABCAPITAL.NS', 'BANKBARODA.NS', 'TRITURBINE.NS', 'PNB.NS', 'PNBHOUSING.NS', 'USHAMART.NS', 'UCOBANK.NS', 'MANAPPURAM.NS', 'BANKINDIA.NS', 'GRAVITA.NS', 'APARINDS.NS', 'GRSE.NS', 'FINCABLES.NS', 'MAHABANK.NS', 'PFC.NS', 'SONATSOFTW.NS', 'KPITTECH.NS', 'JSL.NS', 'JBMA.NS', 'FACT.NS', 'CGPOWER.NS', 'KARURVYSYA.NS', 'J&KBANK.NS', 'IOB.NS', 'GODFRYPHLP.NS', 'VBL.NS', 'HINDZINC.NS', 'PGEL.NS', 'RKFORGE.NS', 'IIFL.NS', 'UNIONBANK.NS', 'JWL.NS']",10.38,10.34,3929238.47
2023-04-30,2023-05-31,"['SARDAEN.NS', 'KIRLOSENG.NS', 'PERSISTENT.NS', 'ZENTEC.NS', 'GVT&D.NS', 'JINDALSAW.NS', 'BALRAMCHIN.NS', 'OIL.NS', 'NCC.NS', 'ONGC.NS', 'GPPL.NS', 'RECLTD.NS', 'ACE.NS', 'M&MFIN.NS', 'TITAGARH.NS', 'RVNL.NS', 'TECHNOE.NS', 'NEULANDLAB.NS', 'CENTRALBK.NS', 'IRCON.NS', 'ABCAPITAL.NS', 'MINDACORP.NS', 'TRITURBINE.NS', 'USHAMART.NS', 'UCOBANK.NS', 'LINDEINDIA.NS', 'CHENNPETRO.NS', 'BANKINDIA.NS', 'HUDCO.NS', 'APARINDS.NS', 'GRAVITA.NS', 'FINCABLES.NS', 'MAHABANK.NS', 'PFC.NS', 'SONATSOFTW.NS', 'KPITTECH.NS', 'JSL.NS', 'JBMA.NS', 'FACT.NS', 'J&KBANK.NS', 'IOB.NS', 'GPIL.NS', 'VBL.NS', 'PGEL.NS', 'HINDZINC.NS', 'NEWGEN.NS', 'RAYMOND.NS', 'RKFORGE.NS', 'UNIONBANK.NS', 'JWL.NS']",6.57,6.52,4185498.35
2023-05-31,2023-06-30,"['SCHNEIDER.NS', 'CERA.NS', 'ANANTRAJ.NS', 'OLECTRA.NS', 'ZENTEC.NS', 'GVT&D.NS', 'JINDALSAW.NS', 'ZENSARTECH.NS', 'POLYCAB.NS', 'NCC.NS', 'AUROPHARMA.NS', 'KIRLOSBROS.NS', 'RECLTD.NS', 'ACE.NS', 'M&MFIN.NS', 'TITAGARH.NS', 'ABB.NS', 'RVNL.NS', 'NEULANDLAB.NS', 'CRISIL.NS', 'IRCON.NS', 'MINDACORP.NS', 'TRITURBINE.NS', 'PNBHOUSING.NS', 'USHAMART.NS', 'CHOLAHLDNG.NS', 'CARBORUNIV.NS', 'UCOBANK.NS', 'CHENNPETRO.NS', 'CHOLAFIN.NS', 'GRAVITA.NS', 'APARINDS.NS', 'FINCABLES.NS', 'PFC.NS', 'SONATSOFTW.NS', 'KPITTECH.NS', 'JSL.NS', 'JBMA.NS', 'FACT.NS', 'CGPOWER.NS', 'TARIL.NS', 'ITC.NS', 'PGEL.NS', 'VBL.NS', 'NEWGEN.NS', 'RAMCOCEM.NS', 'RKFORGE.NS', 'NAVA.NS', 'ENGINERSIN.NS', 'JWL.NS']",11.33,11.25,4656419.31
2023-06-30,2023-07-31,"['SARDAEN.NS', 'SCHNEIDER.NS', 'TANLA.NS', 'CERA.NS', 'ANANTRAJ.NS', 'OLECTRA.NS', 'ZENTEC.NS', 'GVT&D.NS', 'JINDALSAW.NS', 'ZENSARTECH.NS', 'NCC.NS', 'AUROPHARMA.NS', 'CANFINHOME.NS', 'KIRLOSBROS.NS', 'KEI.NS', 'RECLTD.NS', 'ACE.NS', 'M&MFIN.NS', 'TITAGARH.NS', 'ABB.NS', 'CUMMINSIND.NS', 'RVNL.NS', 'NEULANDLAB.NS', 'INTELLECT.NS', 'HEG.NS', 'IRCON.NS', 'TRITURBINE.NS', 'CHOLAHLDNG.NS', 'USHAMART.NS', 'SUZLON.NS', 'CHENNPETRO.NS', 'CHOLAFIN.NS', 'APARINDS.NS', 'FINCABLES.NS', 'MAHSEAMLES.NS', 'PFC.NS', 'INOXWIND.NS', 'SONATSOFTW.NS', 'KPITTECH.NS', 'JBMA.NS', 'TARIL.NS', 'HAL.NS', 'GPIL.NS', 'ELECON.NS', 'LTF.NS', 'TATAMOTORS.NS', 'NEWGEN.NS', 'RKFORGE.NS', 'ENGINERSIN.NS', 'JWL.NS']",15.27,15.21,5364784.38
2023-07-31,2023-08-31,"['SARDAEN.NS', 'TANLA.NS', 'JYOTHYLAB.NS', 'ANANTRAJ.NS', 'OLECTRA.NS', 'ZENTEC.NS', 'CEATLTD.NS', 'GVT&D.NS', 'JINDALSAW.NS', 'ZENSARTECH.NS', 'POLYCAB.NS', 'NCC.NS', 'AUROPHARMA.NS', 'WELSPUNLIV.NS', 'KIRLOSBROS.NS', 'RECLTD.NS', 'ACE.NS', 'WELCORP.NS', 'JKTYRE.NS', 'TITAGARH.NS', 'ABB.NS', 'RVNL.NS', 'NEULANDLAB.NS', 'HEG.NS', 'IRCON.NS', 'USHAMART.NS', 'CHOLAHLDNG.NS', 'SUZLON.NS', 'CHENNPETRO.NS', 'CHOLAFIN.NS', 'APARINDS.NS', 'FINCABLES.NS', 'MAHSEAMLES.NS', 'PFC.NS', 'INOXWIND.NS', 'SONATSOFTW.NS', 'JSL.NS', 'JBMA.NS', 'FACT.NS', 'NATCOPHARM.NS', 'SJVN.NS', 'HAL.NS', 'ELECON.NS', 'NEWGEN.NS', 'CREDITACC.NS', 'RKFORGE.NS', 'NAVA.NS', 'ENGINERSIN.NS', 'JWL.NS', 'BSE.NS']",9.75,9.7,5885000.22
2023-08-31,2023-09-30,"['SARDAEN.NS', 'SCHNEIDER.NS', 'JYOTHYLAB.NS', 'ANANTRAJ.NS', 'OLECTRA.NS', 'ZENTEC.NS', 'RPOWER.NS', 'GVT&D.NS', 'JINDALSAW.NS', 'COCHINSHIP.NS', 'ZENSARTECH.NS', 'DBREALTY.NS', 'BSOFT.NS', 'ADANIGREEN.NS', 'NCC.NS', 'WELSPUNLIV.NS', 'KIRLOSBROS.NS', 'RECLTD.NS', 'ACE.NS', 'JKTYRE.NS', 'TITAGARH.NS', 'MRPL.NS', 'RVNL.NS', 'NEULANDLAB.NS', 'IRCON.NS', 'USHAMART.NS', 'GMDCLTD.NS', 'SUZLON.NS', 'CHENNPETRO.NS', 'APARINDS.NS', 'GRSE.NS', 'ADANIPOWER.NS', 'PFC.NS', 'INOXWIND.NS', 'JBMA.NS', 'FACT.NS', 'SJVN.NS', 'SAMMAANCAP.NS', 'TARIL.NS', 'BLS.NS', 'J&KBANK.NS', 'HSCL.NS', 'ELECON.NS', 'NEWGEN.NS', 'RKFORGE.NS', 'NAVA.NS', 'ENGINERSIN.NS', 'JWL.NS', 'BEML.NS', 'BSE.NS']",5.62,5.55,6211722.09
2023-09-30,2023-10-31,"['SARDAEN.NS', 'SCHNEIDER.NS', 'TANLA.NS', 'JYOTHYLAB.NS', 'OLECTRA.NS', 'ZENTEC.NS', 'RPOWER.NS', 'GVT&D.NS', 'JINDALSAW.NS', 'COCHINSHIP.NS', 'DBREALTY.NS', 'KIRLOSBROS.NS', 'RECLTD.NS', 'MMTC.NS', 'WELCORP.NS', 'TITAGARH.NS', 'RVNL.NS', 'NEULANDLAB.NS', 'CENTRALBK.NS', 'IRCON.NS', 'CHOLAHLDNG.NS', 'GMDCLTD.NS', 'SUZLON.NS', 'CHENNPETRO.NS', 'HUDCO.NS', 'APARINDS.NS', 'GRAPHITE.NS', 'MAHABANK.NS', 'ADANIPOWER.NS', 'PFC.NS', 'INOXWIND.NS', 'IFCI.NS', 'JBMA.NS', 'FACT.NS', 'SJVN.NS', 'SAMMAANCAP.NS', 'ITI.NS', 'TARIL.NS', 'J&KBANK.NS', 'IOB.NS', 'TATAINVEST.NS', 'HSCL.NS', 'ELECON.NS', 'IDEA.NS', 'NEWGEN.NS', 'RKFORGE.NS', 'NAVA.NS', 'ENGINERSIN.NS', 'JWL.NS', 'BSE.NS']",0.28,0.22,6225693.8
2023-10-31,2023-11-30,"['SARDAEN.NS', 'SCHNEIDER.NS', 'NAM-INDIA.NS', 'JYOTHYLAB.NS', 'ANANTRAJ.NS', 'OLECTRA.NS', 'ZENTEC.NS', 'GVT&D.NS', 'JINDALSAW.NS', 'COCHINSHIP.NS', 'DIXON.NS', 'ZENSARTECH.NS', 'DBREALTY.NS', 'BSOFT.NS', 'WELSPUNLIV.NS', 'KIRLOSBROS.NS', 'RECLTD.NS', 'ACE.NS', 'MMTC.NS', 'WELCORP.NS', 'JKTYRE.NS', 'TITAGARH.NS', 'MCX.NS', 'NEULANDLAB.NS', 'IRCON.NS', 'MOTILALOFS.NS', 'CHOLAHLDNG.NS', 'GMDCLTD.NS', 'SUZLON.NS', 'CHENNPETRO.NS', 'GRAVITA.NS', 'APARINDS.NS', 'PFC.NS', 'INOXWIND.NS', 'IFCI.NS', 'FACT.NS', 'SJVN.NS', 'ITI.NS', 'TARIL.NS', 'J&KBANK.NS', 'GPIL.NS', 'HSCL.NS', 'ELECON.NS', 'IDEA.NS', 'NEWGEN.NS', 'SWANENERGY.NS', 'RKFORGE.NS', 'NAVA.NS', 'JWL.NS', 'BSE.NS']",14.12,14.07,7101732.69
2023-11-30,2023-12-31,"['SARDAEN.NS', 'JYOTHYLAB.NS', 'ZENTEC.NS', 'GVT&D.NS', 'COCHINSHIP.NS', 'JINDALSAW.NS', 'DBREALTY.NS', 'NLCINDIA.NS', 'BSOFT.NS', 'WOCKPHARMA.NS', 'RECLTD.NS', 'WELCORP.NS', 'RTNINDIA.NS', 'JKTYRE.NS', 'TITAGARH.NS', 'MCX.NS', 'MRPL.NS', 'CDSL.NS', 'TECHNOE.NS', 'NEULANDLAB.NS', 'PCBL.NS', 'IRCON.NS', 'MOTILALOFS.NS', 'GMDCLTD.NS', 'SUZLON.NS', 'CHENNPETRO.NS', 'NIACL.NS', 'GRAVITA.NS', 'APARINDS.NS', 'GRSE.NS', 'MAHSEAMLES.NS', 'PFC.NS', 'JPPOWER.NS', 'INOXWIND.NS', 'IFCI.NS', 'FACT.NS', 'SJVN.NS', 'ITI.NS', 'TARIL.NS', 'J&KBANK.NS', 'TATAINVEST.NS', 'HSCL.NS', 'GPIL.NS', 'IDEA.NS', 'NEWGEN.NS', 'BHEL.NS', 'RKFORGE.NS', 'PRESTIGE.NS', 'JWL.NS', 'BSE.NS']",7.91,7.85,7659448.97
2023-12-31,2024-01-31,"['JYOTHYLAB.NS', 'ZENTEC.NS', 'GVT&D.NS', 'COCHINSHIP.NS', 'DBREALTY.NS', 'NLCINDIA.NS', 'BSOFT.NS', 'SOBHA.NS', 'WOCKPHARMA.NS', 'RECLTD.NS', 'MMTC.NS', 'WELCORP.NS', 'NMDC.NS', 'RTNINDIA.NS', 'MCX.NS', 'TITAGARH.NS', 'CESC.NS', 'TECHNOE.NS', 'NEULANDLAB.NS', 'IRCON.NS', 'GMRAIRPORT.NS', 'PNB.NS', 'GMDCLTD.NS', 'SUZLON.NS', 'CHENNPETRO.NS', 'HUDCO.NS', 'SWANENERGY.NS', 'NIACL.NS', 'GRAVITA.NS', 'MAHSEAMLES.NS', 'ADANIPOWER.NS', 'PFC.NS', 'INOXWIND.NS', 'JPPOWER.NS', 'IFCI.NS', 'FACT.NS', 'SJVN.NS', 'ITI.NS', 'TARIL.NS', 'J&KBANK.NS', 'TATAINVEST.NS', 'HSCL.NS', 'IDEA.NS', 'HINDCOPPER.NS', 'NEWGEN.NS', 'BHEL.NS', 'NBCC.NS', 'PRESTIGE.NS', 'JWL.NS', 'BSE.NS']",19.3,19.26,9134632.3
2024-01-31,2024-02-29,"['GVT&D.NS', 'COCHINSHIP.NS', 'NETWORK18.NS', 'DBREALTY.NS', 'NLCINDIA.NS', 'BSOFT.NS', 'SOBHA.NS', 'WOCKPHARMA.NS', 'RECLTD.NS', 'MMTC.NS', 'NMDC.NS', 'RTNINDIA.NS', 'JKTYRE.NS', 'MRPL.NS', 'MCX.NS', 'RVNL.NS', 'CENTRALBK.NS', 'GODREJIND.NS', 'PCBL.NS', 'IRCON.NS', 'GMDCLTD.NS', 'SUZLON.NS', 'CHENNPETRO.NS', 'ALOKINDS.NS', 'HUDCO.NS', 'NIACL.NS', 'MAHSEAMLES.NS', 'ADANIPOWER.NS', 'COALINDIA.NS', 'IRB.NS', 'JPPOWER.NS', 'INOXWIND.NS', 'PFC.NS', 'SCI.NS', 'IFCI.NS', 'GICRE.NS', 'SJVN.NS', 'ITI.NS', 'TARIL.NS', 'J&KBANK.NS', 'TATAINVEST.NS', 'HSCL.NS', 'NBCC.NS', 'SWANENERGY.NS', 'BHEL.NS', 'HINDCOPPER.NS', 'NEWGEN.NS', 'PRESTIGE.NS', 'JWL.NS', 'BSE.NS']",0.58,0.53,9183191.21
2024-02-29,2024-03-31,"['SCHNEIDER.NS', 'OFSS.NS', 'KIRLOSENG.NS', 'GVT&D.NS', 'COCHINSHIP.NS', 'OIL.NS', 'ADANIGREEN.NS', 'SOBHA.NS', 'IOC.NS', 'WOCKPHARMA.NS', 'RECLTD.NS', 'MMTC.NS', 'NMDC.NS', 'DLF.NS', 'JKTYRE.NS', 'MRPL.NS', 'MCX.NS', 'RVNL.NS', 'NEULANDLAB.NS', 'CENTRALBK.NS', 'IRCON.NS', 'PNB.NS', 'UCOBANK.NS', 'SUZLON.NS', 'CHENNPETRO.NS', 'HUDCO.NS', 'NIACL.NS', 'NHPC.NS', 'COALINDIA.NS', 'IRB.NS', 'INOXWIND.NS', 'JPPOWER.NS', 'PFC.NS', 'SCI.NS', 'TRENT.NS', 'IFCI.NS', 'GICRE.NS', 'SJVN.NS', 'ITI.NS', 'TARIL.NS', 'BPCL.NS', 'IOB.NS', 'TATAINVEST.NS', 'NBCC.NS', 'SWANENERGY.NS', 'HINDPETRO.NS', 'NEWGEN.NS', 'BHEL.NS', 'PRESTIGE.NS', 'BSE.NS']",-3.96,-4.02,8813665.21
2024-03-31,2024-04-30,"['SCHNEIDER.NS', 'OFSS.NS', 'SOLARINDS.NS', 'GVT&D.NS', 'COCHINSHIP.NS', 'BDL.NS', 'NLCINDIA.NS', 'OIL.NS', 'ADANIGREEN.NS', 'SOBHA.NS', 'IOC.NS', 'WOCKPHARMA.NS', 'GPPL.NS', 'RECLTD.NS', 'ACE.NS', 'DLF.NS', 'MRPL.NS', 'BAJAJ-AUTO.NS', 'CUMMINSIND.NS', 'TORNTPOWER.NS', 'MCX.NS', 'NEULANDLAB.NS', 'PCBL.NS', 'EIHOTEL.NS', 'CHENNPETRO.NS', 'HUDCO.NS', 'NIACL.NS', 'ZYDUSLIFE.NS', 'NHPC.NS', 'IRB.NS', 'INOXWIND.NS', 'PFC.NS', 'TRENT.NS', 'IFCI.NS', 'NATIONALUM.NS', 'BRIGADE.NS', 'SJVN.NS', 'TARIL.NS', 'BPCL.NS', 'ADANIPORTS.NS', 'HAL.NS', 'TATAINVEST.NS', 'NBCC.NS', 'SWANENERGY.NS', 'HINDPETRO.NS', 'BHEL.NS', 'NEWGEN.NS', 'HINDCOPPER.NS', 'PRESTIGE.NS', 'BSE.NS']",11.59,11.53,9829778.7
2024-04-30,2024-05-31,"['SCHNEIDER.NS', 'OFSS.NS', 'KIRLOSENG.NS', 'GVT&D.NS', 'ABREL.NS', 'COCHINSHIP.NS', 'BDL.NS', 'GAIL.NS', 'NLCINDIA.NS', 'OIL.NS', 'ADANIGREEN.NS', 'SOBHA.NS', 'IOC.NS', 'WOCKPHARMA.NS', 'ACE.NS', 'MRPL.NS', 'CUMMINSIND.NS', 'TORNTPOWER.NS', 'RVNL.NS', 'TECHNOE.NS', 'NEULANDLAB.NS', 'IRCON.NS', 'PNB.NS', 'PRESTIGE.NS', 'SWSOLAR.NS', 'EIHOTEL.NS', 'HUDCO.NS', 'TATAPOWER.NS', 'VEDL.NS', 'NHPC.NS', 'EXIDEIND.NS', 'IRB.NS', 'INOXWIND.NS', 'JPPOWER.NS', 'SAIL.NS', 'PFC.NS', 'TRENT.NS', 'IFCI.NS', 'NATIONALUM.NS', 'SJVN.NS', 'TARIL.NS', 'BPCL.NS', 'HAL.NS', 'TATAINVEST.NS', 'INDUSTOWER.NS', 'HINDCOPPER.NS', 'BHEL.NS', 'NBCC.NS', 'HINDPETRO.NS', 'ENGINERSIN.NS']",6.33,6.27,10446070.86
2024-05-31,2024-06-30,"['SCHNEIDER.NS', 'OFSS.NS', 'KIRLOSENG.NS', 'GVT&D.NS', 'COCHINSHIP.NS', 'DIXON.NS', 'BDL.NS', 'OIL.NS', 'ADANIGREEN.NS', 'SOBHA.NS', 'NCC.NS', 'KIRLOSBROS.NS', 'ACE.NS', 'BEL.NS', 'ABB.NS', 'CUMMINSIND.NS', 'MRPL.NS', 'RVNL.NS', 'TECHNOE.NS', 'PNB.NS', 'SWSOLAR.NS', 'EIHOTEL.NS', 'ENGINERSIN.NS', 'HUDCO.NS', 'VEDL.NS', 'NHPC.NS', 'ADANIPOWER.NS', 'EXIDEIND.NS', 'IRB.NS', 'INOXWIND.NS', 'SCI.NS', 'SAIL.NS', 'IFCI.NS', 'NATIONALUM.NS', 'SIEMENS.NS', 'JBMA.NS', 'SJVN.NS', 'TARIL.NS', 'ADANIPORTS.NS', 'HAL.NS', 'INDUSTOWER.NS', 'IOB.NS', 'GODFRYPHLP.NS', 'HINDZINC.NS', 'HINDCOPPER.NS', 'NBCC.NS', 'BHEL.NS', 'THERMAX.NS', 'JWL.NS', 'BEML.NS']",4.96,4.89,10957388.5
2024-06-30,2024-07-31,"['SCHNEIDER.NS', 'OFSS.NS', 'KIRLOSENG.NS', 'PHOENIXLTD.NS', 'GVT&D.NS', 'ABREL.NS', 'COCHINSHIP.NS', 'DIXON.NS', 'BDL.NS', 'OIL.NS', 'SOBHA.NS', 'NCC.NS', 'KIRLOSBROS.NS', 'WOCKPHARMA.NS', 'ACE.NS', 'BEL.NS', 'CUMMINSIND.NS', 'ABB.NS', 'TITAGARH.NS', 'TORNTPOWER.NS', 'MRPL.NS', 'RVNL.NS', 'TECHNOE.NS', 'GODREJPROP.NS', 'M&M.NS', 'PRESTIGE.NS', 'SWSOLAR.NS', 'EIHOTEL.NS', 'TEJASNET.NS', 'HUDCO.NS', 'MOTHERSON.NS', 'GRSE.NS', 'VEDL.NS', 'BLUESTARCO.NS', 'EXIDEIND.NS', 'BASF.NS', 'TRENT.NS', 'IFCI.NS', 'SIEMENS.NS', 'TARIL.NS', 'JSWENERGY.NS', 'HAL.NS', 'INDUSTOWER.NS', 'GODFRYPHLP.NS', 'HINDZINC.NS', 'NBCC.NS', 'RAYMOND.NS', 'NAVA.NS', 'THERMAX.NS', 'JWL.NS']",4.38,4.31,11429753.62
2024-07-31,2024-08-31,"['SCHNEIDER.NS', 'OFSS.NS', 'ANANTRAJ.NS', 'KIRLOSENG.NS', 'ZENTEC.NS', 'SOLARINDS.NS', 'GVT&D.NS', 'ABREL.NS', 'COCHINSHIP.NS', 'DIXON.NS', 'THERMAX.NS', 'WHIRLPOOL.NS', 'VGUARD.NS', 'BDL.NS', 'POLYCAB.NS', 'OIL.NS', 'NCC.NS', 'KIRLOSBROS.NS', 'WOCKPHARMA.NS', 'BEL.NS', 'CUMMINSIND.NS', 'ABB.NS', 'TORNTPOWER.NS', 'RVNL.NS', 'TECHNOE.NS', 'M&M.NS', 'TRITURBINE.NS', 'TEJASNET.NS', '360ONE.NS', 'HUDCO.NS', 'GRAVITA.NS', 'GRSE.NS', 'MOTHERSON.NS', 'VEDL.NS', 'ZYDUSLIFE.NS', 'COROMANDEL.NS', 'BASF.NS', 'TRENT.NS', 'SIEMENS.NS', 'NATCOPHARM.NS', 'CGPOWER.NS', 'TARIL.NS', 'HAL.NS', 'INDUSTOWER.NS', 'GODFRYPHLP.NS', 'PGEL.NS', 'HINDZINC.NS', 'EMAMILTD.NS', 'NAVA.NS', 'SAREGAMA.NS']",1.65,1.59,11611552.49
2024-08-31,2024-09-30,"['SARDAEN.NS', 'UNOMINDA.NS', 'ANANTRAJ.NS', 'ZENTEC.NS', 'SOLARINDS.NS', 'GVT&D.NS', 'WHIRLPOOL.NS', 'COCHINSHIP.NS', 'DIXON.NS', 'ABREL.NS', 'BALRAMCHIN.NS', 'PRAJIND.NS', 'OIL.NS', 'ERIS.NS', 'INDIACEM.NS', 'KIRLOSBROS.NS', 'WOCKPHARMA.NS', 'TORNTPOWER.NS', 'RVNL.NS', 'TECHNOE.NS', 'NEULANDLAB.NS', 'PCBL.NS', 'MOTILALOFS.NS', 'SUZLON.NS', 'TEJASNET.NS', 'COROMANDEL.NS', 'MOTHERSON.NS', 'GRAVITA.NS', 'GRSE.NS', 'VEDL.NS', 'FINCABLES.NS', 'BASF.NS', 'CROMPTON.NS', 'TRENT.NS', 'IFCI.NS', 'DEEPAKFERT.NS', 'VOLTAS.NS', 'NATCOPHARM.NS', 'CGPOWER.NS', 'TARIL.NS', 'GRANULES.NS', 'ASHOKLEY.NS', 'INDUSTOWER.NS', 'GODFRYPHLP.NS', 'PGEL.NS', 'HINDZINC.NS', 'EMAMILTD.NS', 'NAVA.NS', 'PRESTIGE.NS', 'JWL.NS']",1.31,1.23,11754619.6
2024-09-30,2024-10-31,"['SARDAEN.NS', 'BBTC.NS', 'ANANTRAJ.NS', 'ZENTEC.NS', 'RPOWER.NS', 'GVT&D.NS', 'WHIRLPOOL.NS', 'COCHINSHIP.NS', 'DIXON.NS', 'ABREL.NS', 'JINDALSAW.NS', 'BALRAMCHIN.NS', 'INDIACEM.NS', 'KIRLOSBROS.NS', 'WOCKPHARMA.NS', 'MCX.NS', 'CDSL.NS', 'CESC.NS', 'RVNL.NS', 'TECHNOE.NS', 'NEULANDLAB.NS', 'HFCL.NS', 'PCBL.NS', 'MOTILALOFS.NS', 'M&M.NS', 'CHOLAHLDNG.NS', 'SUZLON.NS', 'TEJASNET.NS', 'MOTHERSON.NS', 'GRAVITA.NS', 'GRSE.NS', 'VEDL.NS', 'BLUESTARCO.NS', 'EXIDEIND.NS', 'BASF.NS', 'INOXWIND.NS', 'TRENT.NS', 'IFCI.NS', 'DEEPAKFERT.NS', 'VOLTAS.NS', 'HSCL.NS', 'GODFRYPHLP.NS', 'PGEL.NS', 'HINDZINC.NS', 'ABFRL.NS', 'JMFINANCIL.NS', 'EMAMILTD.NS', 'NEWGEN.NS', 'NAVA.NS', 'SAREGAMA.NS']",-3.97,-4.04,11279510.16
2024-10-31,2024-11-30,"['SARDAEN.NS', 'BBTC.NS', 'ASTRAZEN.NS', 'OFSS.NS', 'ANANTRAJ.NS', 'PERSISTENT.NS', 'ZENTEC.NS', 'RPOWER.NS', 'GVT&D.NS', 'DIXON.NS', 'SUMICHEM.NS', 'BALRAMCHIN.NS', 'CAPLIPOINT.NS', 'ERIS.NS', 'INDIACEM.NS', 'WOCKPHARMA.NS', 'KIRLOSBROS.NS', 'MCX.NS', 'CDSL.NS', 'RVNL.NS', 'TECHNOE.NS', 'NEULANDLAB.NS', 'PCBL.NS', 'MOTILALOFS.NS', 'DIVISLAB.NS', 'AMBER.NS', 'CHOLAHLDNG.NS', 'SUZLON.NS', 'FSL.NS', '360ONE.NS', 'MOTHERSON.NS', 'GRAVITA.NS', 'GRSE.NS', 'FORTIS.NS', 'BASF.NS', 'INOXWIND.NS', 'TRENT.NS', 'JSWHL.NS', 'DEEPAKFERT.NS', 'TARIL.NS', 'HSCL.NS', 'GODFRYPHLP.NS', 'PGEL.NS', 'GILLETTE.NS', 'JMFINANCIL.NS', 'EMAMILTD.NS', 'NAVA.NS', 'POLYMED.NS', 'COFORGE.NS', 'BSE.NS']",1.42,1.36,11432489.79
2024-11-30,2024-12-31,"['RADICO.NS', 'SARDAEN.NS', 'BBTC.NS', 'KEC.NS', 'TECHM.NS', 'OFSS.NS', 'ANANTRAJ.NS', 'PERSISTENT.NS', 'ZENTEC.NS', 'POLYMED.NS', 'RPOWER.NS', 'DIXON.NS', 'ECLERX.NS', 'BALRAMCHIN.NS', 'PRAJIND.NS', 'CAPLIPOINT.NS', 'ERIS.NS', 'INDIACEM.NS', 'WOCKPHARMA.NS', 'INDHOTEL.NS', 'WELCORP.NS', 'MCX.NS', 'CDSL.NS', 'NEULANDLAB.NS', 'PCBL.NS', 'MOTILALOFS.NS', 'DIVISLAB.NS', 'AMBER.NS', 'HCLTECH.NS', 'CHOLAHLDNG.NS', '360ONE.NS', 'GRAVITA.NS', 'GODREJAGRO.NS', 'NAUKRI.NS', 'AFFLE.NS', 'PEL.NS', 'TRENT.NS', 'JSWHL.NS', 'DEEPAKFERT.NS', 'FACT.NS', 'TARIL.NS', 'HSCL.NS', 'GODFRYPHLP.NS', 'PGEL.NS', 'JMFINANCIL.NS', 'RKFORGE.NS', 'NAVA.NS', 'FSL.NS', 'COFORGE.NS', 'BSE.NS']",4.28,4.22,11914872.0
2024-12-31,2025-01-31,"['RADICO.NS', 'SARDAEN.NS', 'KEC.NS', 'FLUOROCHEM.NS', 'ANANTRAJ.NS', 'PERSISTENT.NS', 'ZENTEC.NS', 'POLYMED.NS', 'RPOWER.NS', 'DIXON.NS', 'ECLERX.NS', 'LUPIN.NS', 'CAPLIPOINT.NS', 'ERIS.NS', 'OBEROIRLTY.NS', 'BAJAJHLDNG.NS', 'WOCKPHARMA.NS', 'INDHOTEL.NS', 'WELCORP.NS', 'MCX.NS', 'CDSL.NS', 'LAURUSLABS.NS', 'NEULANDLAB.NS', 'CRISIL.NS', 'PCBL.NS', 'GODREJIND.NS', 'MOTILALOFS.NS', 'DIVISLAB.NS', 'AMBER.NS', 'HCLTECH.NS', 'BLUESTARCO.NS', 'GRAVITA.NS', 'FORTIS.NS', 'AFFLE.NS', 'TRENT.NS', 'JSWHL.NS', 'DEEPAKFERT.NS', 'TARIL.NS', 'BLS.NS', 'HSCL.NS', 'PGEL.NS', 'ASTERDM.NS', 'GILLETTE.NS', 'NEWGEN.NS', 'JMFINANCIL.NS', 'IPCALAB.NS', 'NAVA.NS', 'FSL.NS', 'COFORGE.NS', 'BSE.NS']",-13.1,-13.16,10346823.77
2025-01-31,2025-02-28,"['RADICO.NS', 'SARDAEN.NS', 'NAVINFLUOR.NS', 'MUTHOOTFIN.NS', 'DCMSHRIRAM.NS', 'PERSISTENT.NS', 'RPOWER.NS', 'GVT&D.NS', 'DIXON.NS', 'ECLERX.NS', 'ZENSARTECH.NS', 'BHARTIARTL.NS', 'CAPLIPOINT.NS', 'BAJAJHLDNG.NS', 'WOCKPHARMA.NS', 'INDHOTEL.NS', 'WELCORP.NS', 'NH.NS', 'MCX.NS', 'CENTURYPLY.NS', 'LAURUSLABS.NS', 'JUBLFOOD.NS', 'NEULANDLAB.NS', 'CRISIL.NS', 'PCBL.NS', 'BAJFINANCE.NS', 'DIVISLAB.NS', 'AMBER.NS', 'WIPRO.NS', 'MINDACORP.NS', 'TRITURBINE.NS', 'JKCEMENT.NS', 'PNBHOUSING.NS', 'FSL.NS', 'GRAVITA.NS', 'NAUKRI.NS', 'FORTIS.NS', 'JSWHL.NS', 'DEEPAKFERT.NS', 'TARIL.NS', 'BLS.NS', 'HSCL.NS', 'PGEL.NS', 'ASTERDM.NS', 'GILLETTE.NS', 'RAMCOCEM.NS', 'IPCALAB.NS', 'POLYMED.NS', 'COFORGE.NS', 'BSE.NS']",-9.94,-10.01,9310960.9
2025-02-28,2025-03-31,"['RADICO.NS', 'SARDAEN.NS', 'NAVINFLUOR.NS', 'FLUOROCHEM.NS', 'MUTHOOTFIN.NS', 'ASTRAZEN.NS', 'PERSISTENT.NS', 'RPOWER.NS', 'UPL.NS', 'GVT&D.NS', 'DIXON.NS', 'BAJAJFINSV.NS', 'BHARTIARTL.NS', 'APLAPOLLO.NS', 'BAJAJHLDNG.NS', 'WOCKPHARMA.NS', 'NH.NS', 'INDHOTEL.NS', 'WELCORP.NS', 'LAURUSLABS.NS', 'ICICIBANK.NS', 'GODREJIND.NS', 'CRISIL.NS', 'BAJFINANCE.NS', 'DIVISLAB.NS', 'KOTAKBANK.NS', 'AMBER.NS', 'WIPRO.NS', 'JKCEMENT.NS', 'CHOLAHLDNG.NS', 'BLUESTARCO.NS', 'FORTIS.NS', 'CHAMBLFERT.NS', 'NATIONALUM.NS', 'ABBOTINDIA.NS', 'SRF.NS', 'JSWHL.NS', 'REDINGTON.NS', 'HDFCBANK.NS', 'SHREECEM.NS', 'TARIL.NS', 'AAVAS.NS', 'JSWSTEEL.NS', 'PGEL.NS', 'ASTERDM.NS', 'RAMCOCEM.NS', 'IPCALAB.NS', 'FSL.NS', 'COFORGE.NS', 'BSE.NS']",11.7,11.63,10393427.28
2025-03-31,2025-04-30,"['RADICO.NS', 'SARDAEN.NS', 'NAVINFLUOR.NS', 'MUTHOOTFIN.NS', 'ASTRAZEN.NS', 'DCMSHRIRAM.NS', 'GVT&D.NS', 'ZENSARTECH.NS', 'BDL.NS', 'CAPLIPOINT.NS', 'ERIS.NS', 'BAJAJHLDNG.NS', 'WOCKPHARMA.NS', 'NH.NS', 'INDHOTEL.NS', 'WELCORP.NS', 'EICHERMOT.NS', 'BEL.NS', 'LAURUSLABS.NS', 'INDIGO.NS', 'BAJFINANCE.NS', 'DIVISLAB.NS', 'KOTAKBANK.NS', 'AMBER.NS', 'JKCEMENT.NS', 'MANAPPURAM.NS', 'GLAXO.NS', 'COROMANDEL.NS', 'FORTIS.NS', 'MAHSEAMLES.NS', 'CHAMBLFERT.NS', 'ABBOTINDIA.NS', 'SRF.NS', 'JSWHL.NS', 'GICRE.NS', 'DEEPAKFERT.NS', 'REDINGTON.NS', 'HDFCBANK.NS', 'SHREECEM.NS', 'TARIL.NS', 'BLS.NS', 'PATANJALI.NS', 'AAVAS.NS', 'PGEL.NS', 'ASTERDM.NS', 'ICICIBANK.NS', 'LEMONTREE.NS', 'FSL.NS', 'COFORGE.NS', 'BSE.NS']",0.27,0.2,10414180.48
2025-04-30,2025-05-31,"['NAVINFLUOR.NS', 'ASTRAZEN.NS', 'MUTHOOTFIN.NS', 'SOLARINDS.NS', 'UPL.NS', 'CEATLTD.NS', 'DIXON.NS', 'BDL.NS', 'BAJAJFINSV.NS', 'BHARTIARTL.NS', 'BAJAJHLDNG.NS', 'NH.NS', 'INDHOTEL.NS', 'EICHERMOT.NS', 'BEL.NS', 'LAURUSLABS.NS', 'JUBLFOOD.NS', 'INDIGO.NS', 'BAJFINANCE.NS', 'KOTAKBANK.NS', 'JKCEMENT.NS', 'GMRAIRPORT.NS', 'MANAPPURAM.NS', 'CHOLAFIN.NS', 'COROMANDEL.NS', 'AUBANK.NS', 'GRSE.NS', 'CHAMBLFERT.NS', 'SRF.NS', 'JSWHL.NS', 'GICRE.NS', 'REDINGTON.NS', 'HDFCBANK.NS', 'SHREECEM.NS', 'TATACONSUM.NS', 'ITI.NS', 'MARUTI.NS', 'AAVAS.NS', 'INDUSTOWER.NS', 'GODFRYPHLP.NS', 'PGEL.NS', 'RBLBANK.NS', 'ASTERDM.NS', 'LTF.NS', 'MARICO.NS', 'CREDITACC.NS', 'ICICIBANK.NS', 'LEMONTREE.NS', 'UBL.NS', 'BSE.NS']",3.76,3.68,10797380.54
2025-05-31,2025-06-30,"['IDBI.NS', 'NAVINFLUOR.NS', 'ASTRAZEN.NS', 'HDFCLIFE.NS', 'MUTHOOTFIN.NS', 'SOLARINDS.NS', 'RPOWER.NS', 'CEATLTD.NS', 'COCHINSHIP.NS', 'MFSL.NS', 'BDL.NS', 'BAJAJFINSV.NS', 'APLAPOLLO.NS', 'BAJAJHLDNG.NS', 'NH.NS', 'WELCORP.NS', 'BEL.NS', 'INDIGO.NS', 'BAJFINANCE.NS', 'HEG.NS', 'KOTAKBANK.NS', 'JKCEMENT.NS', 'PNBHOUSING.NS', 'IEX.NS', 'MANAPPURAM.NS', 'GLAXO.NS', 'CHOLAFIN.NS', 'COROMANDEL.NS', 'AUBANK.NS', 'ENGINERSIN.NS', 'GRSE.NS', 'IGL.NS', 'SBILIFE.NS', 'SRF.NS', 'JSWHL.NS', 'REDINGTON.NS', 'KPRMILL.NS', 'ITI.NS', 'TATACONSUM.NS', 'ADANIPORTS.NS', 'GODFRYPHLP.NS', 'LTF.NS', 'RBLBANK.NS', 'SCHAEFFLER.NS', 'NBCC.NS', 'CREDITACC.NS', 'INTELLECT.NS', 'UNIONBANK.NS', 'SUNDARMFIN.NS', 'BSE.NS']",6.16,6.08,11453453.74
2025-06-30,2025-07-31,"['IDBI.NS', 'NAVINFLUOR.NS', 'HDFCLIFE.NS', 'BERGEPAINT.NS', 'ALKYLAMINE.NS', 'SOLARINDS.NS', 'RPOWER.NS', 'UPL.NS', 'COCHINSHIP.NS', 'MFSL.NS', 'DBREALTY.NS', 'BDL.NS', 'BAJAJFINSV.NS', 'BHARTIARTL.NS', 'CUB.NS', 'NH.NS', 'BEL.NS', 'MCX.NS', 'INDIGO.NS', 'BAJFINANCE.NS', 'ABCAPITAL.NS', 'JKCEMENT.NS', 'PNBHOUSING.NS', 'CHOLAHLDNG.NS', 'GMDCLTD.NS', 'GLAXO.NS', 'MANAPPURAM.NS', 'CHOLAFIN.NS', 'AUBANK.NS', 'COROMANDEL.NS', 'SUNDARMFIN.NS', 'GRSE.NS', 'SBILIFE.NS', 'HDFCAMC.NS', 'SRF.NS', 'JSWHL.NS', 'DEEPAKFERT.NS', 'REDINGTON.NS', 'DALBHARAT.NS', 'GODFRYPHLP.NS', 'LTF.NS', 'RBLBANK.NS', 'NBCC.NS', 'JMFINANCIL.NS', 'CREDITACC.NS', 'POONAWALLA.NS', 'UNIONBANK.NS', 'ENGINERSIN.NS', 'ENDURANCE.NS', 'BSE.NS']",-3.42,-3.48,11054305.47
